{
  "in_range_count": 11,
  "suspicious_count": 3,
  "out_of_range_count": 4,
  "statistics": {
    "home_ewma_pace": {
      "feature": "home_ewma_pace",
      "production_value": 98.34,
      "training_mean": 20.553906341172734,
      "training_std": 3.086559549003317,
      "training_min": 18.00097894736695,
      "training_max": 79.646,
      "training_p5": 19.212030774310282,
      "training_p95": 21.481418225424136,
      "z_score": 25.201552869422276,
      "in_5_95_range": false,
      "in_min_max_range": false
    },
    "away_ewma_pace": {
      "feature": "away_ewma_pace",
      "production_value": 99.37,
      "training_mean": 20.562559281710474,
      "training_std": 3.0937342641978516,
      "training_min": 18.01462561628508,
      "training_max": 79.708,
      "training_p5": 19.214593704244713,
      "training_p95": 21.497043238533767,
      "z_score": 25.473241716422223,
      "in_5_95_range": false,
      "in_min_max_range": false
    },
    "home_off_rating": {
      "feature": "home_off_rating",
      "production_value": 115.0,
      "training_mean": 106.1270885094317,
      "training_std": 5.674124674987757,
      "training_min": 85.92070411193009,
      "training_max": 125.97050844149916,
      "training_p5": 96.95436686644783,
      "training_p95": 115.62356451266545,
      "z_score": 1.5637498290584255,
      "in_5_95_range": true,
      "in_min_max_range": true
    },
    "away_off_rating": {
      "feature": "away_off_rating",
      "production_value": 114.2,
      "training_mean": 106.24099804213277,
      "training_std": 5.693019755286254,
      "training_min": 84.32606587248786,
      "training_max": 127.1219984596334,
      "training_p5": 97.06693042808249,
      "training_p95": 115.80560368331604,
      "z_score": 1.3980281643106716,
      "in_5_95_range": true,
      "in_min_max_range": true
    },
    "home_def_rating": {
      "feature": "home_def_rating",
      "production_value": 113.8,
      "training_mean": 93.8729114905683,
      "training_std": 5.674124674987757,
      "training_min": 74.02949155850085,
      "training_max": 114.07929588806992,
      "training_p5": 84.37643548733453,
      "training_p95": 103.04563313355217,
      "z_score": 3.5119229221861774,
      "in_5_95_range": false,
      "in_min_max_range": true
    },
    "away_def_rating": {
      "feature": "away_def_rating",
      "production_value": 111.0,
      "training_mean": 93.75900195786723,
      "training_std": 5.693019755286254,
      "training_min": 72.87800154036661,
      "training_max": 115.67393412751214,
      "training_p5": 84.19439631668395,
      "training_p95": 102.93306957191751,
      "z_score": 3.0284451456757453,
      "in_5_95_range": false,
      "in_min_max_range": true
    },
    "composite_elo_diff": {
      "feature": "composite_elo_diff",
      "production_value": -60.36072469730118,
      "training_mean": -0.394984999092204,
      "training_std": 121.52934786993073,
      "training_min": -403.1651195310167,
      "training_max": 402.24083054761104,
      "training_p5": -200.05723105776173,
      "training_p95": 199.0204836219263,
      "z_score": -0.493425997499703,
      "in_5_95_range": true,
      "in_min_max_range": true
    },
    "off_elo_diff": {
      "feature": "off_elo_diff",
      "production_value": -167.31213730186732,
      "training_mean": -0.21320604343381905,
      "training_std": 167.17300119013703,
      "training_min": -649.5744651550413,
      "training_max": 654.6899214737857,
      "training_p5": -273.1298520854306,
      "training_p95": 274.3260571505838,
      "z_score": -0.9995569264703259,
      "in_5_95_range": true,
      "in_min_max_range": true
    },
    "def_elo_diff": {
      "feature": "def_elo_diff",
      "production_value": -46.590687907264964,
      "training_mean": 0.5767639547505927,
      "training_std": 163.71818058518147,
      "training_min": -552.7351319803013,
      "training_max": 557.1288128360893,
      "training_p5": -267.0627550437647,
      "training_p95": 267.078241677385,
      "z_score": -0.2881014905823159,
      "in_5_95_range": true,
      "in_min_max_range": true
    },
    "net_rating_ewma_diff": {
      "feature": "net_rating_ewma_diff",
      "production_value": -9.899509401093301,
      "training_mean": 0.0,
      "training_std": 0.0,
      "training_min": 0.0,
      "training_max": 0.0,
      "training_p5": 0.0,
      "training_p95": 0.0,
      "z_score": 0,
      "in_5_95_range": false,
      "in_min_max_range": false
    },
    "net_rating_l5_diff": {
      "feature": "net_rating_l5_diff",
      "production_value": 1.4299999999999997,
      "training_mean": 0.0,
      "training_std": 0.0,
      "training_min": 0.0,
      "training_max": 0.0,
      "training_p5": 0.0,
      "training_p95": 0.0,
      "z_score": 0,
      "in_5_95_range": false,
      "in_min_max_range": false
    },
    "net_rating_l10_diff": {
      "feature": "net_rating_l10_diff",
      "production_value": -5.070000000000001,
      "training_mean": 0.0,
      "training_std": 0.0,
      "training_min": 0.0,
      "training_max": 0.0,
      "training_p5": 0.0,
      "training_p95": 0.0,
      "z_score": 0,
      "in_5_95_range": false,
      "in_min_max_range": false
    },
    "home_ewma_efg": {
      "feature": "home_ewma_efg",
      "production_value": 0.557,
      "training_mean": 0.5306354425471586,
      "training_std": 0.02837062337493879,
      "training_min": 0.4296035205596504,
      "training_max": 0.6298525422074958,
      "training_p5": 0.48477183433223914,
      "training_p95": 0.5781178225633273,
      "z_score": 0.92929073515285,
      "in_5_95_range": true,
      "in_min_max_range": true
    },
    "away_ewma_efg": {
      "feature": "away_ewma_efg",
      "production_value": 0.536,
      "training_mean": 0.5312049902106639,
      "training_std": 0.028465098776431278,
      "training_min": 0.4216303293624392,
      "training_max": 0.635609992298167,
      "training_p5": 0.4853346521404123,
      "training_p95": 0.5790280184165802,
      "z_score": 0.1684522448699991,
      "in_5_95_range": true,
      "in_min_max_range": true
    },
    "pace_diff": {
      "feature": "pace_diff",
      "production_value": -1.0300000000000011,
      "training_mean": -0.0014227108631440554,
      "training_std": 2.7763171074114283,
      "training_min": -9.659999999999997,
      "training_max": 9.659999999999997,
      "training_p5": -4.6000000000000085,
      "training_p95": 4.626499999999996,
      "z_score": -0.3704826391736922,
      "in_5_95_range": true,
      "in_min_max_range": true
    },
    "efg_diff": {
      "feature": "efg_diff",
      "production_value": 0.02100000000000002,
      "training_mean": -0.0005695476635054409,
      "training_std": 0.035322229675377376,
      "training_min": -0.1234808061393088,
      "training_max": 0.1255329250746526,
      "training_p5": -0.05819316794794835,
      "training_p95": 0.05788766713771505,
      "z_score": 0.6106507958794369,
      "in_5_95_range": true,
      "in_min_max_range": true
    },
    "home_pace": {
      "feature": "home_pace",
      "production_value": 98.34,
      "training_mean": 99.0142870036101,
      "training_std": 2.381871136200684,
      "training_min": 91.66,
      "training_max": 106.26,
      "training_p5": 95.41,
      "training_p95": 103.31,
      "z_score": -0.2830913030356642,
      "in_5_95_range": true,
      "in_min_max_range": true
    },
    "away_pace": {
      "feature": "away_pace",
      "production_value": 99.37,
      "training_mean": 99.01570971447325,
      "training_std": 2.3818893368662266,
      "training_min": 91.66,
      "training_max": 106.26,
      "training_p5": 95.42,
      "training_p95": 103.31,
      "z_score": 0.14874338620319216,
      "in_5_95_range": true,
      "in_min_max_range": true
    }
  }
}