{
  "game_id": 3370621107,
  "composite_elo_diff": -60.36072469730118,
  "off_elo_diff": -167.31213730186732,
  "def_elo_diff": -46.590687907264964,
  "home_composite_elo": 948.8070546599831,
  "away_composite_elo": 1009.1677793572843,
  "off_rating_diff": 0.7999999999999972,
  "def_rating_diff": 2.799999999999997,
  "home_off_rating": 115.0,
  "away_off_rating": 114.2,
  "home_def_rating": 113.8,
  "away_def_rating": 111.0,
  "pace_diff": -1.0300000000000011,
  "avg_pace": 98.855,
  "home_pace": 98.34,
  "away_pace": 99.37,
  "home_efg": 0.557,
  "away_efg": 0.536,
  "efg_diff": 0.02100000000000002,
  "home_tov": 0.142,
  "away_tov": 0.141,
  "home_orb": 0.273,
  "away_orb": 0.314,
  "home_ftr": 0.271,
  "away_ftr": 0.244,
  "sharp_total": 220.0,
  "sharp_pace": 98.855,
  "sharp_spread": 0.0,
  "sharp_eff_diff": -0.0,
  "foul_synergy_home": 0.05,
  "foul_synergy_away": 0.05,
  "total_foul_environment": 0.1,
  "chaos_home": 0.011279999999999998,
  "chaos_away": 0.011359999999999999,
  "net_chaos": -8.000000000000021e-05,
  "vol_3p_diff": 0.0,
  "home_ewma_pace": 98.34,
  "away_ewma_pace": 99.37,
  "home_ewma_tov_pct": 0.142,
  "away_ewma_tov_pct": 0.141,
  "home_ewma_fta_rate": 0.25,
  "away_ewma_fta_rate": 0.25,
  "home_ewma_stl_pct": 0.08,
  "away_ewma_stl_pct": 0.08,
  "home_ewma_foul_rate": 0.2,
  "away_ewma_foul_rate": 0.2,
  "home_ewma_efg": 0.557,
  "away_ewma_efg": 0.536,
  "home_ewma_3pa_per_100": 35.0,
  "away_ewma_3pa_per_100": 35.0,
  "home_ewma_3p_pct": 0.35,
  "away_ewma_3p_pct": 0.35,
  "ewma_pace_diff": -1.0300000000000011,
  "ewma_efg_diff": 0.02100000000000002,
  "ewma_tov_diff": 0.0010000000000000009,
  "ewma_foul_synergy_home": 0.05,
  "ewma_foul_synergy_away": 0.05,
  "ewma_chaos_home": 0.011279999999999998,
  "ewma_chaos_away": 0.011359999999999999,
  "ewma_net_chaos": -8.000000000000021e-05,
  "ewma_vol_3p_diff": 0.0,
  "net_rating_l5_diff": 1.4299999999999997,
  "net_rating_l10_diff": -5.070000000000001,
  "net_rating_ewma_diff": -9.899509401093301,
  "home_net_rating": 1.2,
  "away_net_rating": 3.2,
  "net_rating_diff": -2.0,
  "opening_spread": 0.0,
  "closing_spread": 0.0,
  "spread_movement": 0.0,
  "spread_abs_movement": 0.0,
  "opening_total": 220.0,
  "closing_total": 220.0,
  "total_movement": 0.0,
  "total_abs_movement": 0.0,
  "is_steam_spread": 0.0,
  "is_steam_total": 0.0,
  "injury_impact_diff": 0.0,
  "total_points": 217.48100000000002,
  "home_rest_days": 1,
  "away_rest_days": 2,
  "home_back_to_back": 1.0,
  "away_back_to_back": 0.0,
  "home_3in4": 1.0,
  "away_3in4": 0.0,
  "home_4in5": 1.0,
  "away_4in5": 0.0,
  "rest_advantage": -1,
  "both_rested": 0.0,
  "both_tired": 0.0,
  "fatigue_mismatch": 1.0,
  "predicted_pace": 98.855,
  "pace_up_game": 0.0,
  "pace_down_game": 0.0,
  "altitude_game": 0.0,
  "off_def_matchup_home": 4.0,
  "off_def_matchup_away": 0.4000000000000057
}