{
  "evaluation": {
    "accuracy": 0.7219917012448133,
    "precision": 0.7207398890166475,
    "recall": 0.7219917012448133,
    "f1_score": 0.7136502072830588,
    "roc_auc": 0.7663785744771661,
    "predictions": "[1 1 1 1 1 1 0 1 1 1 0 1 1 0 1 1 0 0 1 0 1 0 1 0 1 1 1 0 1 0 0 1 1 0 1 0 1\n 0 1 1 1 0 1 1 1 1 1 1 1 1 1 0 1 1 1 0 1 1 0 1 1 1 1 1 0 1 0 1 1 1 1 1 0 0\n 0 0 1 1 1 1 1 1 1 1 1 1 1 1 0 0 1 0 1 1 1 1 1 1 1 1 1 0 0 1 0 1 1 0 1 1 1\n 1 0 0 1 1 1 1 0 0 1 1 1 1 0 1 1 0 1 1 0 1 1 1 1 0 0 0 1 0 1 1 0 1 1 1 1 0\n 1 0 1 0 1 1 1 1 1 0 1 0 0 1 1 1 0 1 0 1 1 1 1 1 1 1 1 1 1 0 1 1 1 1 0 0 1\n 1 1 0 0 1 1 0 0 1 1 1 1 1 0 1 1 1 1 1 1 1 0 0 1 1 1 1 0 1 0 1 1 0 0 1 0 1\n 1 0 1 1 0 0 1 1 1 1 1 0 0 1 1 1 0 1 1 1 1 0 0 0 0 1 1 1 0 1 1 1 1 1 1 1 0\n 0 1 1 0 0 1 1 1 1 1 0 1 0 0 1 0 1 1 1 1 1 1 1 1 0 1 1 0 1 0 1 1 0 0 1 1 1\n 0 1 0 1 1 1 1 1 1 1 1 0 1 1 1 1 1 1 1 1 1 0 1 1 0 0 1 1 1 0 0 0 1 0 1 0 1\n 0 0 1 0 1 1 1 0 1 1 1 1 0 0 1 1 1 1 1 0 0 1 1 1 1 1 1 0 0 1 0 0 1 0 1 0 0\n 1 1 0 1 0 1 1 1 1 1 1 1 0 0 1 1 1 1 0 1 1 0 1 1 0 1 1 1 1 1 1 1 1 0 1 1 1\n 0 1 0 1 0 1 1 1 1 1 1 0 1 1 0 1 0 1 1 1 1 1 1 0 1 1 0 0 0 1 1 0 1 0 1 0 1\n 1 1 1 1 0 0 1 0 1 1 1 1 1 1 1 0 1 0 1 1 0 1 0 1 1 0 1 1 0 0 0 1 1 1 0 0 1\n 1]"
  },
  "best_model": "logistic_regression"
}