{
  "0": {
    "precision": 0.7133333333333334,
    "recall": 0.5404040404040404,
    "f1-score": 0.6149425287356322,
    "support": 198.0
  },
  "1": {
    "precision": 0.7259036144578314,
    "recall": 0.8485915492957746,
    "f1-score": 0.7824675324675324,
    "support": 284.0
  },
  "accuracy": 0.7219917012448133,
  "macro avg": {
    "precision": 0.7196184738955824,
    "recall": 0.6944977948499076,
    "f1-score": 0.6987050306015823,
    "support": 482.0
  },
  "weighted avg": {
    "precision": 0.7207398890166475,
    "recall": 0.7219917012448133,
    "f1-score": 0.7136502072830588,
    "support": 482.0
  }
}