{
  "0": {
    "precision": 0.5314685314685315,
    "recall": 0.5914396887159533,
    "f1-score": 0.5598526703499079,
    "support": 257.0
  },
  "1": {
    "precision": 0.4642857142857143,
    "recall": 0.40444444444444444,
    "f1-score": 0.4323040380047506,
    "support": 225.0
  },
  "accuracy": 0.504149377593361,
  "macro avg": {
    "precision": 0.4978771228771229,
    "recall": 0.4979420665801989,
    "f1-score": 0.49607835417732926,
    "support": 482.0
  },
  "weighted avg": {
    "precision": 0.5001072578873409,
    "recall": 0.504149377593361,
    "f1-score": 0.500312333674264,
    "support": 482.0
  }
}