{
  "evaluation": {
    "accuracy": 0.504149377593361,
    "precision": 0.5001072578873409,
    "recall": 0.504149377593361,
    "f1_score": 0.500312333674264,
    "roc_auc": 0.524167747514051,
    "predictions": "[0 0 0 0 1 0 0 1 1 0 0 1 1 0 0 1 0 0 0 0 1 1 1 1 0 1 0 0 1 1 0 1 1 0 0 1 1\n 1 0 1 0 0 1 0 0 1 1 1 0 1 0 0 1 0 1 1 0 0 1 0 0 0 0 0 1 0 0 0 1 1 1 1 1 0\n 0 0 1 0 0 1 0 0 1 0 1 0 1 1 0 0 0 0 1 0 0 0 0 0 0 1 0 1 1 1 0 1 1 0 0 0 1\n 0 0 0 1 0 0 0 0 0 1 0 0 0 0 1 1 0 1 1 1 0 0 0 1 0 1 1 1 1 1 1 1 0 1 0 0 0\n 0 0 0 1 1 1 1 0 0 0 0 0 0 1 1 0 1 0 0 0 0 0 1 0 1 0 1 1 1 0 0 0 0 0 1 0 0\n 0 1 0 1 0 0 0 1 0 1 1 0 1 0 0 0 0 1 1 1 1 0 0 0 1 0 0 1 1 0 0 0 0 0 0 0 0\n 1 0 0 0 1 1 1 1 1 0 1 1 0 1 0 0 0 1 1 0 1 0 1 1 0 1 0 1 0 1 0 1 1 0 0 1 1\n 0 1 0 1 0 1 1 1 0 1 0 1 0 0 0 1 0 1 0 0 0 0 0 0 1 0 0 0 0 1 1 0 0 0 1 0 1\n 0 1 1 0 0 1 1 0 1 0 1 0 0 1 0 0 1 1 1 1 1 0 1 0 0 0 1 1 1 1 0 0 0 0 0 0 1\n 0 0 0 0 0 0 0 0 0 1 0 1 0 1 0 0 1 0 0 0 1 1 1 0 0 0 0 0 1 1 0 1 0 1 0 0 1\n 1 1 1 0 0 1 0 0 1 0 0 0 0 0 0 0 0 0 1 0 0 0 0 0 1 1 0 0 0 0 1 0 0 1 0 0 1\n 1 1 1 0 0 1 0 0 0 0 0 0 0 1 0 0 0 0 1 0 0 1 0 0 1 0 1 0 1 0 0 1 1 1 0 1 0\n 0 0 1 0 1 1 0 1 0 1 0 1 1 0 1 0 1 0 0 0 1 0 0 0 0 0 0 0 1 0 0 0 1 1 1 1 1\n 0]"
  },
  "best_model": "neural_network"
}