{
  "evaluation": {
    "mse": 359.56018554035904,
    "rmse": 18.96207229024188,
    "mae": 14.895564574712294,
    "r2": 0.1016304977215523,
    "predictions": "[209.32448523 228.43569887 208.38346919 218.51980558 206.52768263\n 217.62359902 202.92566767 212.03724416 212.56670842 219.31990871\n 219.13164381 205.85258106 217.7288301  223.89347312 205.31126916\n 221.01854428 213.19124611 214.16514744 203.33897567 219.45450333\n 209.38405716 221.32768847 204.66881207 224.22217211 208.9022414\n 203.88626544 205.69043553 219.49297243 209.87627969 203.74016206\n 213.29657189 208.42450353 214.27652556 207.83306627 204.95238303\n 225.85582932 219.76354766 213.01998565 217.26202426 204.60830792\n 222.28321395 217.16587681 210.89317757 212.91025573 209.06825046\n 216.04268417 215.42925583 216.6559228  223.1851291  214.71213477\n 203.54300871 208.02749695 214.2182406  216.66695793 209.93385065\n 209.05970346 211.09113522 210.5344451  226.15453821 213.76090987\n 211.93257911 210.96366625 215.21416871 223.07405216 208.21103668\n 209.39474716 218.90945754 210.89045267 207.99051716 211.68249131\n 218.51023923 204.68979278 207.06504289 211.36427898 225.63302929\n 215.63307514 207.62553809 214.50477802 212.25502457 199.63909185\n 221.24211487 210.26679262 207.27672557 199.87587085 222.75882875\n 228.91220259 204.89592754 205.83583915 207.07572789 211.66008913\n 219.52837172 222.40672109 213.1371638  211.370758   213.62193439\n 220.51511746 216.72410284 206.13388198 209.72663738 196.27574146\n 219.2723022  208.47573449 209.14166674 220.57150361 205.89497092\n 217.02217022 211.32005967 207.58470713 204.27661382 222.53075873\n 201.80113583 209.24442601 208.49409258 210.56119477 205.28124792\n 215.98018539 219.28658166 205.68610316 205.32406853 219.40540578\n 216.80279283 211.55152947 217.08044525 216.17020559 215.00294551\n 206.93537073 220.73056868 203.30987847 206.8355892  212.86512726\n 210.5885874  226.80990535 220.59888245 220.41012994 220.18849766\n 211.67164642 204.71715836 201.61875396 213.75755571 211.89288266\n 208.59502028 223.19872455 218.71534515 218.00288777 207.49348351\n 209.33476262 213.60577013 216.38818707 215.71988175 216.13655355\n 207.05240403 213.27415919 214.62910683 203.54070885 208.34743121\n 214.58400255 206.18154477 222.40928167 211.41288775 209.66312635\n 215.11414344 205.57359213 200.00000591 210.4560028  227.24859399\n 221.58461475 226.6232718  222.37439325 214.42503755 208.66331186\n 213.28586496 219.25474604 204.54942446 206.70618282 202.73818641\n 219.61490284 209.00539031 216.10818477 213.68290184 208.88178463\n 221.22191428 212.42223417 207.52091883 203.10545114 222.70177304\n 211.82094165 213.77693156 219.53359972 212.04083812 223.04210557\n 212.96962269 214.34963402 206.67717378 203.32709585 213.28686753\n 202.0303905  223.23488575 210.01082564 220.31931471 213.3155976\n 218.72091    223.10200256 213.30283173 206.49947556 210.00917478\n 206.25950772 208.17798343 221.03301481 211.83027126 226.93008408\n 210.37464361 220.59305771 223.68028532 208.69147086 215.72650589\n 207.56117068 206.46484471 212.59251479 211.559709   210.74612507\n 207.14137122 199.88165816 210.2549768  212.55044359 219.41692354\n 220.95529913 213.15862859 203.95667595 215.49266128 205.60314723\n 213.52392873 223.53780735 206.49869751 214.14286613 228.23690182\n 218.21235391 209.44302428 208.68856883 217.83734183 219.19864852\n 203.64187981 221.56640704 215.99598631 216.92925308 208.54348331\n 213.25288685 205.0523187  221.27644515 215.9737286  204.83328959\n 217.07377535 214.79576762 217.82822584 206.96570298 212.26074618\n 223.23831659 218.41560453 207.12078978 208.84182477 213.88810726\n 213.06645036 213.48518232 225.11879492 206.1098251  205.99006286\n 209.32819488 215.28154119 221.44756012 207.66711321 228.26170781\n 206.56594874 205.50976237 210.11232416 221.14587917 207.79568795\n 202.53425172 203.55503154 212.48724268 220.90559585 208.08063606\n 219.37329345 217.83455792 223.73776911 218.08061022 224.85709433\n 219.03979374 214.07120727 205.66858944 210.136203   214.57586535\n 207.27742267 207.52831641 223.65102322 220.31215748 215.19644295\n 199.41768193 210.25530935 209.8130513  223.56080608 219.82419766\n 217.32274935 225.82707511 206.52957556 221.95602867 212.29658828\n 222.45640066 204.16695481 198.72215368 221.36639964 212.60486262\n 208.13558763 217.99856223 215.91000533 223.16277089 209.63846028\n 207.93893899 209.94736023 212.07962258 206.10185273 218.67558756\n 221.32777679 199.57648666 209.52321488 203.02042943 209.3422269\n 216.91433852 218.21515591 214.64636599 203.78505649 228.1169622\n 218.34038596 207.75277319 200.64167222 211.58154829 215.09942031\n 226.09856275 205.5098421  210.28146833 198.51679209 217.55161772\n 207.76325194 220.79186826 215.90984604 223.71241533 214.54765799\n 215.3681115  207.98407069 219.72570105 207.60203493 205.82417672\n 222.97263446 220.27246384 221.07689104 222.39420015 200.25270843\n 211.87607651 207.16606294 210.69022261 221.90313366 226.09447723\n 214.74996557 211.54944836 219.89361555 210.12031995 210.75540327\n 206.14623936 213.89270662 218.80273127 223.98198421 222.95876616\n 212.69094954 214.60673024 212.59031755 222.1046555  200.81089511\n 205.788255   205.82464505 209.0297556  215.01176994 207.77764096\n 221.41928605 215.55852872 214.66388651 211.90502116 210.40151779\n 221.63908718 216.82826966 216.13414429 203.3618387  223.59736117\n 203.99400064 221.7002151  222.28502867 200.10747848 215.58776558\n 210.57644321 220.3648926  212.88656519 224.95472291 221.414834\n 211.16917784 218.6073811  212.71562466 226.81528019 216.45283978\n 201.37055107 225.12910026 204.6664752  219.35165616 202.92535692\n 210.79934998 213.80859921 218.49060905 220.11166069 208.95568283\n 220.01671894 228.68111342 208.48953269 210.28935311 210.8256201\n 214.02981738 219.04293628 216.09781476 212.40184685 206.81049083\n 205.2948348  218.72235106 208.86265316 206.12629809 218.31101545\n 223.31162868 217.80167317 204.6884182  216.56276601 204.68758063\n 205.3878135  214.71485748 213.57633998 210.41838399 207.80180996\n 211.95305479 213.82858581 204.53367237 222.57293141 221.99645072\n 214.65593241 215.26312737 210.40452893 217.18118158 201.68238736\n 213.63686058 211.28594222 207.09413781 218.61969979 224.13650759\n 210.13388739 220.83590203 215.22008958 212.35831437 204.63183101\n 210.60035359 214.51173584 211.2223326  210.16232927 211.18587305\n 216.64539939 203.46351191 218.48311563 211.14035445 212.49724327\n 210.67670158 209.64276953 220.94684767 208.50168197 204.33142674\n 217.20955398 215.10210414 219.50962158 200.21722971 202.11644346\n 211.5123706  216.82324342]"
  },
  "best_model": "random_forest"
}