{
  "best_value": 0.2375393657619796,
  "best_params": {
    "n_estimators": 725,
    "learning_rate": 0.09433524448556195,
    "max_depth": 6,
    "min_child_weight": 1,
    "subsample": 0.6015849825804831,
    "colsample_bytree": 0.6025783050393656,
    "reg_alpha": 4.130465342871214,
    "reg_lambda": 0.00010810875462975182
  }
}