{
  "timestamp": "2025-12-14T11:55:39.985949",
  "best_trial": 115,
  "logloss": 0.6601481740721484,
  "auc": 0.6223188464161782,
  "params": {
    "learning_rate": 0.010439767862107643,
    "max_depth": 6,
    "min_child_weight": 8,
    "subsample": 0.8726962626051,
    "colsample_bytree": 0.666786725519146,
    "gamma": 1.2399845326684107,
    "reg_alpha": 0.003515930920821943,
    "reg_lambda": 0.16711368033600354
  }
}