{
  "study_name": "nba_moneyline_platt_10hr",
  "completed": "2025-12-14 20:02:16",
  "total_trials": 1001,
  "best_trial": 873,
  "best_logloss": 0.6564422709832024,
  "best_params": {
    "learning_rate": 0.04990986414755364,
    "max_depth": 3,
    "min_child_weight": 14,
    "gamma": 0.9318079110160647,
    "subsample": 0.6349355890275402,
    "colsample_bytree": 0.7368685047037173,
    "reg_lambda": 0.0238006824217908,
    "reg_alpha": 0.01681714016473699,
    "scale_pos_weight": 0.9591928649383534
  },
  "target": "target_moneyline_win",
  "features": 37,
  "samples": 12205,
  "cv_folds": 5
}